Index,date Creation,date Actualisation,Offres d'emploi,Missions,Compétences,Qualifications Pro,Types de contrat,Lieu de travail,Entreprise,Qualifications
0,2023-04-21T12:45:08.000Z,2023-04-21T12:45:08.000Z,Product Owner - Application Santé (H/F),"La société : 

Vous aimez relever les défis, vous êtes dynamique et passionné(e) par les projets IoT et/ou les applications digitales - Alors, Agixis est la tribu de vos rêves !
Créée par une équipe de passionnés, comme un cadeau, la veille de Noël 2010, Agixis est une société de conseil et d'expertise IT, spécialiste du marché de l'IoT « Internet Of Things ». Elle conçoit et développe des solutions ambitieuses pour les projets innovants de ses clients, afin de les accompagner dans la conquête de leurs marchés, en créant de nouveaux services à forte valeur ajoutée.
Sa baseline reflète la vision de la société : « All connected » !!
Le poste : 

Product?Owner,?tu intègres une équipe agile composée de 12 experts. Responsable du produit, tu abordes différentes thématiques liées au secteur médical et tu t'assures du bon développement de l'application.? 
Gèrer?la relation client?:?définir l'expression des besoins'et?les transformer?en'Users ?Stories,?? 
Animer?les Comités de Produit et participer à la?définition de la stratégie produit?et à la?Roadmap,? 
Gèrer- les' Backlogs'en maximisant la valeur métier pour les utilisateurs,?? 
Assurer?le?rôle d'interface?et coordonner les'différents interlocuteurs'(métiers, technique, UX Design, ?),? 
Suivre et participer à l'amélioration continue des indicateurs de pilotage de la production, 
Assurer la formation au produit. 
Profil recherché : 

En plus de ta formation supérieure (Bac+5), tu as'5 ans minimum d'expérience réussie?dans le domaine de l'IT.?Agiliste, tu es convaincu par les méthodes agiles et possèdes un réel retour d'expérience. Au-delà de tes compétences techniques, tu aimes relever les défis, tu es' dynamique et- passionné.??? 
Pourquoi Agixis - Intégrer nos équipes d'Agiciens, c'est rejoindre une communauté où la convivialité et la solidarité animent notre quotidien. Notre management humain, te permet d'être accompagné dans le développement de tes compétences et dans la construction d'une carrière qui te ressemble.", , ,CDI,"{'libelle': '69 - VILLEURBANNE', 'latitude': 45.768975, 'longitude': 4.890035, 'codePostal': '69100', 'commune': '69266'}","{'nom': 'Agixis', 'description': 'Agixis', 'entrepriseAdaptee': False}", 
